"timestamp","likes","photo"
"19/04/2011 13:08:08","0","http://cs4160.vk.me/u4852896/-7/y_a94b77ce.jpg"
"25/05/2011 21:14:54","2","http://cs10968.vk.me/u4852896/-7/y_273decdb.jpg"
"24/07/2011 03:24:27","3","http://cs11263.vk.me/u4852896/-7/x_9b86bf1a.jpg"
"24/07/2011 03:39:53","0","http://cs11263.vk.me/u4852896/-7/y_c19ae10a.jpg"
"24/07/2011 03:40:26","1","http://cs11263.vk.me/u4852896/-7/x_78228db1.jpg"
"21/08/2011 04:44:06","2","http://cs10982.vk.me/u4852896/-7/x_8385b3de.jpg"
"07/09/2011 14:26:03","0","http://cs10658.vk.me/u4852896/-14/x_0b87ad9b.jpg"
"20/09/2011 21:11:17","1","http://cs10658.vk.me/u4852896/-14/z_bf61fd40.jpg"
"22/09/2011 14:28:38","1","http://cs10658.vk.me/u4852896/-14/x_4ec77e3c.jpg"
"04/12/2011 11:12:40","2","http://cs9896.vk.me/u4852896/-14/y_35b4b63b.jpg"
"18/03/2012 12:21:29","10","http://cs10316.vk.me/u4852896/-14/y_202bb8b5.jpg"
"06/06/2012 22:52:34","1","http://cs407420.vk.me/v407420896/2a1/1SChSvfnDhs.jpg"
"01/07/2012 18:01:48","0","http://cs307606.vk.me/v307606896/34e/VVmsC1XNW2g.jpg"
"13/07/2012 10:14:17","6","http://cs307606.vk.me/v307606896/7fd/ulFAnxPqGN0.jpg"
"14/07/2012 15:15:52","0","http://cs307607.vk.me/v307607896/99d/aosqqEaWC5E.jpg"
"28/07/2012 11:46:00","1","http://cs309119.vk.me/v309119896/887/VFXrg-q0q1g.jpg"
"01/09/2012 17:10:15","2","http://cs309120.vk.me/v309120896/101b/qKeqz1keqyM.jpg"
"06/09/2012 13:06:45","0","http://cs309120.vk.me/v309120896/11bc/ZspjnOz-YmU.jpg"
"10/09/2012 04:00:26","0","http://cs309120.vk.me/v309120896/11c3/trDazh86hAA.jpg"
"10/09/2012 04:02:45","0","http://cs309120.vk.me/v309120896/11cb/UX8LQ8yIBy8.jpg"
"12/09/2012 13:45:42","8","http://cs309120.vk.me/v309120896/13c4/Q8T6ja2MgY0.jpg"
"17/09/2012 10:41:32","1","http://cs309120.vk.me/v309120896/1501/pht_UzaFHYY.jpg"
"25/09/2012 01:24:06","0","http://cs309817.vk.me/v309817896/2298/qaAP0flDizw.jpg"
"25/09/2012 01:24:30","0","http://cs309817.vk.me/v309817896/22a0/KoAicONeLXI.jpg"
"26/09/2012 21:33:22","1","http://cs309817.vk.me/v309817896/22d3/TF1L-1MGv2k.jpg"
"27/09/2012 02:03:59","0","http://cs309817.vk.me/v309817896/22f6/U5Fn_oU5_uo.jpg"
"01/10/2012 14:47:24","1","http://cs309817.vk.me/v309817896/2335/oGuCKiz_D9Y.jpg"
"03/10/2012 13:37:30","5","http://cs317123.vk.me/v317123896/443f/JubBsb11CAk.jpg"
"04/10/2012 23:42:01","2","http://cs317123.vk.me/v317123896/44b3/dnR6DJN4mQk.jpg"
"06/10/2012 21:53:27","0","http://cs317123.vk.me/v317123896/4512/7cVTVEFweoM.jpg"
"11/10/2012 18:43:08","0","http://cs317123.vk.me/v317123896/46b1/4bq3vVavh3M.jpg"
"12/10/2012 23:59:28","0","http://cs317124.vk.me/v317124896/53b6/v-I4hfldZa8.jpg"
"13/10/2012 10:14:55","5","http://cs317124.vk.me/v317124896/53bd/I3LXWRmzBMs.jpg"
"26/10/2012 15:54:51","4","http://cs316326.vk.me/v316326896/4445/L1j14DvJtgs.jpg"
"26/10/2012 16:45:13","3","http://cs316326.vk.me/v316326896/444c/YE8Y95FsOS4.jpg"
"27/10/2012 14:01:01","1","http://cs308416.vk.me/v308416896/2b52/C5BXGFhw-a4.jpg"
"23/11/2012 23:40:24","1","http://cs306408.vk.me/v306408896/3515/VklWD7AerZA.jpg"
"27/12/2012 13:49:13","0","http://cs419116.vk.me/v419116896/1349/w4tK5s8xHzM.jpg"
"14/01/2013 03:31:09","2","http://cs419316.vk.me/v419316896/2b4f/D_ehgA3aDeU.jpg"
"07/02/2013 13:22:46","2","http://cs417520.vk.me/v417520896/2e4b/xbl5iOLBjNQ.jpg"
"08/02/2013 11:10:21","0","http://cs323218.vk.me/v323218896/5cb3/ch4LK9K-9no.jpg"
"12/02/2013 12:41:40","3","http://cs406930.vk.me/v406930896/52f4/iJ98ms0Uof0.jpg"
"18/02/2013 00:06:12","3","http://cs407016.vk.me/v407016896/6e7c/T1M4jWxeFVw.jpg"
"23/02/2013 00:59:25","3","http://cs407016.vk.me/v407016896/6f2d/jIxCjw9wXYM.jpg"
"03/03/2013 02:14:09","3","http://cs407016.vk.me/v407016896/721e/dDdejQz_OXQ.jpg"
"07/03/2013 11:59:04","0","http://cs407016.vk.me/v407016896/734f/xfR5oWrPUqs.jpg"
"17/03/2013 21:16:01","4","http://cs308623.vk.me/v308623896/5cbc/PhcP28dsWJ0.jpg"
"19/03/2013 23:24:46","2","http://cs308623.vk.me/v308623896/5d44/fG8LK-AX704.jpg"
"21/03/2013 00:23:08","2","http://cs308623.vk.me/v308623896/5d7e/pFw1DzN7mwo.jpg"
"22/03/2013 22:12:16","0","http://cs306112.vk.me/v306112896/52da/5xDsPdx7zPg.jpg"
"22/03/2013 22:13:32","0","http://cs306112.vk.me/v306112896/52e1/yPG1p4iO-Xs.jpg"
"23/03/2013 11:18:58","5","http://cs306112.vk.me/v306112896/52ef/Hd992nXK3Rc.jpg"
"25/03/2013 22:41:43","5","http://cs306112.vk.me/v306112896/5321/OVm9ghYKTJ8.jpg"
"04/04/2013 13:57:47","2","http://cs313222.vk.me/v313222896/85/Safx1Ih-dvw.jpg"
"05/04/2013 12:35:12","2","http://cs313222.vk.me/v313222896/142/NQHub2JKiAw.jpg"
"10/04/2013 10:45:34","20","http://cs403826.vk.me/v403826896/8bcf/EwFRj5a5EqQ.jpg"
"10/04/2013 18:48:13","0","http://cs403826.vk.me/v403826896/8bd6/6xKbb7REC2U.jpg"
"25/04/2013 16:44:35","7","http://cs405018.vk.me/v405018896/69c3/5v0k1gkPXpM.jpg"
"16/05/2013 22:42:46","1","http://cs314831.vk.me/v314831896/c31/tw2OXBv4aCY.jpg"
"17/05/2013 09:22:45","0","http://cs314831.vk.me/v314831896/c57/oH-LcQZbSIs.jpg"
"19/05/2013 20:17:20","0","http://cs408625.vk.me/v408625896/e62/z13TOE7etL4.jpg"
"19/05/2013 20:19:01","3","http://cs408625.vk.me/v408625896/e6a/2S3jplljNYA.jpg"
"19/05/2013 20:22:13","6","http://cs408625.vk.me/v408625896/e79/knC2pqoFx2E.jpg"
"19/05/2013 20:22:20","3","http://cs408625.vk.me/v408625896/e81/raXGPLZDck8.jpg"
"20/05/2013 20:48:57","3","http://cs313116.vk.me/v313116896/1290/cKxM1a46oF0.jpg"
"22/05/2013 18:52:46","3","http://cs313116.vk.me/v313116896/12ad/wC_GAKQe8iY.jpg"
"25/05/2013 02:28:10","3","http://cs9441.vk.me/v9441896/2f5/sTVlbtrMlSU.jpg"
"26/05/2013 01:22:47","0","http://cs308727.vk.me/v308727896/8daf/o_nqsM1h-A8.jpg"
"27/05/2013 00:54:05","1","http://cs308727.vk.me/v308727896/8dec/q6CdwBTHrbI.jpg"
"27/05/2013 00:54:13","0","http://cs308727.vk.me/v308727896/8df4/-C4x2PUfh0A.jpg"
"27/05/2013 00:54:19","0","http://cs308727.vk.me/v308727896/8dfc/nZ2aJEvjKmw.jpg"
"27/05/2013 00:54:26","1","http://cs308727.vk.me/v308727896/8e03/V0eVxCpjeq0.jpg"
"11/06/2013 22:48:46","0","http://cs9291.vk.me/v9291896/f25/chRx2JjKNho.jpg"
"11/06/2013 22:49:55","0","http://cs9291.vk.me/v9291896/f2d/l22T16OY-58.jpg"
"15/06/2013 00:40:42","1","http://cs9215.vk.me/v9215896/ec0/6AWnY9pIkjY.jpg"
"16/06/2013 00:33:32","1","http://cs9215.vk.me/v9215896/f37/F4PRpPyg1Vs.jpg"
"16/06/2013 00:33:36","1","http://cs9215.vk.me/v9215896/f41/6oqvvISTupk.jpg"
"16/06/2013 00:33:40","1","http://cs9215.vk.me/v9215896/f4b/TSP2kf-6RvQ.jpg"
"16/06/2013 00:33:44","0","http://cs9215.vk.me/v9215896/f55/ng39fHclEQM.jpg"
"16/06/2013 00:33:46","0","http://cs9215.vk.me/v9215896/f5e/WLrfvIJc_70.jpg"
"16/06/2013 00:33:52","0","http://cs9215.vk.me/v9215896/f68/bccdwxeMO84.jpg"
"17/06/2013 02:22:28","3","http://cs9215.vk.me/v9215896/f85/YgaY0QW0hYo.jpg"
"17/06/2013 10:12:12","4","http://cs9215.vk.me/v9215896/f93/-NuJhYzaq9o.jpg"
"27/07/2013 21:57:46","0","http://cs307602.vk.me/v307602896/a040/ynxOcWHWWeg.jpg"
"30/07/2013 19:19:57","2","http://cs307602.vk.me/v307602896/a063/DuTJHtKkx0I.jpg"
"31/07/2013 07:04:02","0","http://cs307602.vk.me/v307602896/a071/8O-EXj19-sI.jpg"
"31/07/2013 09:47:16","1","http://cs307602.vk.me/v307602896/a078/OsWxkDQ1c4c.jpg"
"01/08/2013 13:19:32","3","http://cs6075.vk.me/v6075419/6d78/KqRmHz-PKT0.jpg"
"13/08/2013 14:31:36","6","http://cs407222.vk.me/v407222896/de07/995qqEoprbI.jpg"
"16/08/2013 19:31:57","4","http://cs319625.vk.me/v319625896/994f/iNuzeAOdlhw.jpg"
"30/08/2013 15:21:50","0","http://cs416922.vk.me/v416922449/815f/YuZIHXXOAK0.jpg"
"16/09/2013 05:01:40","0","http://cs304700.vk.me/v304700896/5137/NCvXIrhQeLQ.jpg"
"16/09/2013 05:02:53","0","http://cs304700.vk.me/v304700896/513f/58ncE7lusic.jpg"
"23/09/2013 16:16:51","0","http://cs302814.vk.me/v302814896/51d2/MPaQySR5eqE.jpg"
"07/10/2013 00:23:43","0","http://cs311717.vk.me/v311717896/2e70/ZIgk5o3Iq7o.jpg"
"27/10/2013 08:45:22","1","http://cs419129.vk.me/v419129896/8a39/aGTnF35rCrU.jpg"
"04/11/2013 19:52:10","0","http://cs317826.vk.me/v317826896/9654/G-pnH69FRHo.jpg"
"08/11/2013 20:41:08","0","http://cs412728.vk.me/v412728896/7d19/m_IUV35BHvw.jpg"
"24/11/2013 21:54:41","1","http://cs314224.vk.me/v314224896/4728/VMgCKC6Lzfk.jpg"
"29/11/2013 07:04:00","0","http://cs322228.vk.me/v322228896/60e0/oSyof95H7wk.jpg"
"29/11/2013 07:04:59","1","http://cs322228.vk.me/v322228896/60e7/7x68Mf7fSZY.jpg"
"04/12/2013 13:19:26","8","http://cs413318.vk.me/v413318896/6708/l2m8d1F_Er0.jpg"
"10/12/2013 19:49:45","1","http://cs605820.vk.me/v605820561/57d2/PlBC5OPYFD0.jpg"
"13/12/2013 19:38:34","0","http://cs616628.vk.me/v616628896/3b76/GaXcYTPI5X4.jpg"
"18/12/2013 16:52:40","0","http://cs314320.vk.me/v314320828/44cb/rbCbi0gQlqI.jpg"
"22/12/2013 22:25:14","2","http://cs540109.vk.me/c540106/v540106379/16e8b/DqANjM4cKiw.jpg"
"23/12/2013 11:28:23","2","http://cs408316.vk.me/v408316427/5b68/tUXoE7zXhKg.jpg"
"23/12/2013 11:32:48","2","http://cs617122.vk.me/v617122352/c4e/LF6LWAeqdN4.jpg"
"23/12/2013 11:32:48","1","http://cs408316.vk.me/v408316216/7f7a/tMnGyMvlSyk.jpg"
"23/12/2013 11:32:48","0","http://cs408316.vk.me/v408316060/5303/Gp6KIXmA-7E.jpg"
"23/12/2013 11:32:48","2","http://cs311528.vk.me/v311528573/570b/lBt5XoMVDF0.jpg"
"23/12/2013 11:32:48","0","http://cs408316.vk.me/v408316154/66d0/N7mgHFWbL2o.jpg"
"23/12/2013 11:32:48","0","http://cs408316.vk.me/v408316829/61fc/ZbqykORQ0Zs.jpg"
"23/12/2013 11:32:48","1","http://cs408316.vk.me/v408316877/617c/KRy2tm5YHrA.jpg"
"23/12/2013 11:32:48","1","http://cs408316.vk.me/v408316227/5560/Hy0BqgshD4s.jpg"
"23/12/2013 11:32:48","2","http://cs408316.vk.me/v408316686/662f/FWMWx2MtTNs.jpg"
"23/12/2013 11:32:48","1","http://cs408316.vk.me/v408316163/5624/LNMG8cpBNo8.jpg"
"23/12/2013 11:36:32","2","http://cs408316.vk.me/v408316475/aa9a/0xpzwaHlkUc.jpg"
"23/12/2013 11:36:32","2","http://cs408316.vk.me/v408316079/59b1/CLPFRbPP2lI.jpg"
"23/12/2013 11:36:32","1","http://cs408316.vk.me/v408316046/7c5d/sjELy54eICg.jpg"
"23/12/2013 11:36:32","1","http://cs408316.vk.me/v408316209/78f2/vmJhn92TZw8.jpg"
"01/01/2014 22:45:58","0","http://cs311931.vk.me/v311931896/5644/mIZYBW5lhNk.jpg"
"01/01/2014 22:46:08","0","http://cs311931.vk.me/v311931896/564c/xEGSdcwI5Bg.jpg"
"05/01/2014 09:21:42","0","http://cs605221.vk.me/v605221896/561/wv7QQEvJy-0.jpg"
"05/01/2014 09:27:11","0","http://cs605221.vk.me/v605221896/56a/Rduq44OwegA.jpg"
"05/01/2014 13:12:46","0","http://cs409721.vk.me/v409721896/601f/_QVtNVzbgto.jpg"
"05/01/2014 13:14:06","0","http://cs409721.vk.me/v409721896/6026/Kzhz8fvORHA.jpg"
"05/01/2014 13:29:43","1","http://cs409721.vk.me/v409721896/602d/juSxTgFQQ54.jpg"
"09/01/2014 05:13:02","3","http://cs311318.vk.me/v311318896/899f/JPlw9gLBivk.jpg"
"20/01/2014 05:28:16","0","http://cs425516.vk.me/v425516896/9506/rKyM02vsxmE.jpg"
"31/01/2014 00:04:06","0","http://cs540109.vk.me/c617930/v617930896/2b72/ObURhJ9ztDI.jpg"
"01/02/2014 15:47:01","1","http://cs314227.vk.me/v314227575/9220/HEmHfqo3dDs.jpg"
"01/02/2014 15:51:37","4","http://cs312624.vk.me/v312624896/9c8d/jGuoaci4JRI.jpg"
"04/02/2014 11:35:54","0","http://cs409317.vk.me/v409317896/7706/ckiYy-cI39E.jpg"
"04/02/2014 11:38:49","1","http://cs409317.vk.me/v409317896/7710/QtK8PsQVWlc.jpg"
"15/02/2014 14:05:03","3","http://cs608725.vk.me/v608725896/20f4/8TBIWoiMSME.jpg"
"01/03/2014 21:34:51","0","http://cs312924.vk.me/v312924390/a57c/YicvD_KkUtE.jpg"
"02/03/2014 17:07:53","8","http://cs313731.vk.me/v313731562/8a05/07zN9V30b48.jpg"
"03/03/2014 02:54:19","5","http://cs617627.vk.me/v617627486/3375/14pzOuja_g0.jpg"
"08/03/2014 20:56:26","16","http://cs605716.vk.me/v605716684/352b/uwKKd6mKVQw.jpg"
"10/03/2014 13:53:27","0","http://cs310131.vk.me/v310131896/7bf3/pmKDpDXYzXc.jpg"
"16/03/2014 00:38:56","0","http://cs616220.vk.me/v616220906/7698/Hy8mcf5IKVw.jpg"
"16/03/2014 14:12:15","0","http://cs620125.vk.me/v620125896/512/-25fMFS0XIc.jpg"
"23/03/2014 23:49:05","0","http://cs617126.vk.me/v617126896/4a3f/6tTBUX0OpGY.jpg"
"26/04/2014 22:57:28","3","http://cs614725.vk.me/v614725304/a87b/g4ZrVdb8Du8.jpg"
"16/05/2014 02:56:56","0","http://cs618317.vk.me/v618317935/48b8/rJLFXyF_OPU.jpg"
"09/06/2014 02:33:40","1","http://cs540109.vk.me/c620131/v620131896/767e/CkpZtCwdGZI.jpg"
"18/06/2014 00:36:01","1","http://cs540109.vk.me/c620131/v620131896/8eed/9UMLWPn99gg.jpg"
"03/07/2014 23:41:23","5","http://cs616723.vk.me/v616723896/14a4f/fnTmfhKK4PQ.jpg"
"25/07/2014 18:41:16","5","http://cs614626.vk.me/v614626231/16dc4/xJX_gAb7RB8.jpg"
"05/08/2014 22:51:34","0","http://cs616324.vk.me/v616324819/166a7/6wJaiLc6FSc.jpg"
"31/08/2014 00:58:15","5","http://cs616428.vk.me/v616428896/1da75/RSs_0DD7Hjg.jpg"
"12/09/2014 01:39:04","4","http://cs622321.vk.me/v622321896/1588/kaMuB4EXmAw.jpg"
"26/09/2014 09:57:23","1","http://cs617725.vk.me/v617725896/1b82d/oK2CVzZk580.jpg"
